backbone,scorer,seed,two_original,two_balanced,three_original,three_balanced
aspen,raw,17,0.46071134999999996,0.5091829414948482,0.35920585000000005,0.40046744967263576
aspen,raw,29,0.5813928,0.5844281412176654,0.45794845,0.45541421102548935
aspen,raw,43,0.49197685,0.528407350224246,0.37330995,0.4005216853170742
aspen,mahalanobis,17,0.44115129999999997,0.5219639565581968,0.3475041,0.42611026135609803
aspen,mahalanobis,29,0.5068162,0.5254720843930695,0.405908,0.4218889833629688
aspen,mahalanobis,43,0.45131745,0.5071223600873503,0.3499156,0.4006246065308739
aspen,white_knn,17,0.47041475,0.5335403674902763,0.3484298,0.40403286803735133
aspen,white_knn,29,0.56863975,0.5682129054829688,0.44479769999999996,0.4359092630865709
aspen,white_knn,43,0.4842176,0.5259678328312865,0.35956594999999997,0.39044737366639987
lhco,raw,17,0.6097904000000001,0.5881087211675768,0.6074101,0.587404196884661
lhco,raw,29,0.3099194,0.4878895120447001,0.29809189999999997,0.45614488021280863
lhco,raw,43,0.7315378499999999,0.6156477672012546,0.7284349999999999,0.6147021833862633
lhco,mahalanobis,17,0.59499525,0.5688881545553856,0.5889011,0.5693770763970343
lhco,mahalanobis,29,0.3502439,0.48414597354833755,0.33415685,0.4642665264749902
lhco,mahalanobis,43,0.7212601500000001,0.6243981035651589,0.7324624000000001,0.6450641446379162
lhco,white_knn,17,0.60210445,0.589757566495094,0.5888692999999999,0.5812013030693006
lhco,white_knn,29,0.35332755000000005,0.511457633570883,0.33309655000000005,0.4743126792465718
lhco,white_knn,43,0.7404499,0.6534995894338409,0.7393091500000001,0.6539684494399731
random,raw,17,0.6252193500000001,0.5090406428205183,0.54020675,0.4092458645516833
random,raw,29,0.65494805,0.5372283937497144,0.5735653000000001,0.4412573385049959
random,raw,43,0.6279828000000001,0.5053726125228831,0.5601363500000001,0.42599833947371546
random,mahalanobis,17,0.6371617,0.5425879444928425,0.5550868,0.4504896140329472
random,mahalanobis,29,0.6449894500000001,0.5582293385380795,0.56782155,0.4750734752847306
random,mahalanobis,43,0.62773915,0.5379956045382892,0.5564399,0.4613482447121443
random,white_knn,17,0.63154005,0.5634692974870859,0.5381543999999999,0.46564773174792906
random,white_knn,29,0.6425816999999999,0.5778053280664452,0.5526388999999999,0.48464924411753707
random,white_knn,43,0.61468035,0.5514015776503187,0.5350704,0.4696970724421723
